n_estimators,F1_Score
10,0.7580893682588598
20,0.7691131498470948
